"","baseMean","log2FoldChange","lfcSE","stat","pvalue","padj","CHROM","CDSNAME","CDSSTART","CDSEND","CDSSTRAND"
"AVESA.00003a.r1.2CG01257020",1757.64661949486,1.13732079368874,0.380120731981069,30.1821647647508,4.49377634399123e-06,0.00197199745335318,"chr2C","AVESA.00003a.r1.2CG01257020.1.CDS1",121984104,121984161,"+"
"AVESA.00003a.r1.3CG02101640",274.735587108071,1.55376676996327,0.596929820320081,19.3384285546147,0.000674288934172524,0.0450278423476339,"chr3C","AVESA.00003a.r1.3CG02101640.1.CDS1",72046603,72046716,"+"
"AVESA.00003a.r1.3CG02263010",227.398525605331,1.20898658508009,0.341161346771101,20.3100137732218,0.00043371694314792,0.0359108276539563,"chr3C","AVESA.00003a.r1.3CG02263010.1.CDS2",459956600,459956779,"-"
"AVESA.00003a.r1.3CG02335380",233.666649411299,1.22420318843795,0.328337482313165,21.9657855192315,0.000203587894905611,0.0229077397645075,"chr3C","AVESA.00003a.r1.3CG02335380.1.CDS3",599019525,599019918,"-"
"AVESA.00003a.r1.5DG04576240",124.067349259675,1.00364052659718,0.24291383637363,20.4099729054911,0.000414421264441023,0.0347819464510911,"chr5D","AVESA.00003a.r1.5DG04576240.1.CDS1",474170071,474170094,"+"
