"","baseMean","log2FoldChange","lfcSE","stat","pvalue","padj","CHROM","CDSNAME","CDSSTART","CDSEND","CDSSTRAND"
"AVESA.00003a.r1.2CG01257020",1779.63692670852,1.13777491224738,0.35754883414252,35.9562313415961,2.95431404041561e-07,0.000278952896838354,"chr2C","AVESA.00003a.r1.2CG01257020.1.CDS1",121984104,121984161,"+"
"AVESA.00003a.r1.3CG02101640",272.085992859909,1.55387872511996,0.606080995858227,18.9550247107625,0.000802096947418907,0.0483419848167792,"chr3C","AVESA.00003a.r1.3CG02101640.1.CDS1",72046603,72046716,"+"
"AVESA.00003a.r1.3CG02263010",231.768830351232,1.20924682579046,0.341541928579669,19.4054389917731,0.000654118762983496,0.0424990643401091,"chr3C","AVESA.00003a.r1.3CG02263010.1.CDS2",459956600,459956779,"-"
"AVESA.00003a.r1.3CG02335380",235.761227441283,1.22487208462171,0.331645632076133,21.5048288108034,0.000251427544188634,0.0258985608547274,"chr3C","AVESA.00003a.r1.3CG02335380.1.CDS3",599019525,599019918,"-"
"AVESA.00003a.r1.5DG04576240",124.533662653797,1.00415149512659,0.238219756657643,22.5604265943341,0.000154978524055883,0.0186809574103106,"chr5D","AVESA.00003a.r1.5DG04576240.1.CDS1",474170071,474170094,"+"
"AVESA.00003a.r1.7CG05783920",107.928744887178,1.08837138519162,0.279210884248731,37.1319309460469,1.69201779679154e-07,0.000221211803648223,"chr7C","AVESA.00003a.r1.7CG05783920.1.CDS1",185333748,185334896,"+"
